{"content":[{"id":"df79878","settings":{"flex_direction":"row","content_width":"full","min_height":{"unit":"px","size":50,"sizes":[]},"min_height_tablet":{"unit":"vh","size":"","sizes":[]},"min_height_mobile":{"unit":"vh","size":"","sizes":[]},"flex_justify_content":"space-between","flex_align_items":"center","background_background":"classic","margin":{"unit":"px","top":"0","right":"0","bottom":"0","left":"0","isLinked":true},"padding":{"unit":"px","top":"0","right":"100","bottom":"0","left":"100","isLinked":false},"padding_mobile":{"unit":"px","top":"0","right":"10","bottom":"0","left":"10","isLinked":false},"sticky":"top","animation":"none","_title":"Header","__globals__":{"background_color":"globals\/colors?id=9858628"}},"elements":[{"id":"41b66023","settings":{"__dynamic__":{"image":"[elementor-tag id=\"\" name=\"site-logo\" settings=\"%7B%7D\"]"},"image_custom_dimension":{"width":"300","height":"150"},"_element_width":"initial","_element_custom_width":{"unit":"px","size":150},"_flex_size":"none","image":{"id":"","url":"https:\/\/chepil.online\/wp-content\/plugins\/elementor\/assets\/images\/placeholder.png"}},"elements":[],"isInner":false,"widgetType":"theme-site-logo","elType":"widget"},{"id":"2f1adb7c","settings":{"menu_name":"Menu","menu":"menu","full_width":"stretch","menu_typography_typography":"custom","menu_typography_font_family":"Roboto","menu_typography_font_weight":"600","menu_typography_text_transform":"uppercase","color_menu_item":"#EB4036","color_menu_item_hover":"#FFFFFF","pointer_color_menu_item_hover":"#FFFFFF","color_dropdown_item":"#FFFFFF","background_color_dropdown_item":"#EB403694","background_color_dropdown_item_hover":"#EB4036","toggle_color":"#EB4036","toggle_background_color":"#02010100","menu_id":8},"elements":[],"isInner":false,"widgetType":"nav-menu","elType":"widget"},{"id":"70a6e1dc","settings":{"text":"+380664919738","link":{"url":"tel:+380664919738","is_external":"","nofollow":"","custom_attributes":""},"typography_typography":"custom","typography_font_family":"Roboto","typography_font_size":{"unit":"rem","size":1,"sizes":[]},"typography_font_size_tablet":{"unit":"rem","size":"","sizes":[]},"typography_font_size_mobile":{"unit":"rem","size":"","sizes":[]},"typography_font_weight":"600","typography_text_transform":"uppercase","background_color":"#EB4036","button_background_hover_color":"#00000000","border_border":"solid","border_width":{"unit":"px","top":"1","right":"1","bottom":"1","left":"1","isLinked":true},"border_color":"#EB4036","hide_mobile":"hidden-mobile","selected_icon":{"value":"fas fa-phone-alt","library":"fa-solid"}},"elements":[],"isInner":false,"widgetType":"button","elType":"widget"}],"isInner":false,"elType":"container"},{"id":"1496366e","settings":{"flex_direction":"row","content_width":"full","min_height":{"unit":"vh","size":100,"sizes":[]},"min_height_tablet":{"unit":"vh","size":"","sizes":[]},"min_height_mobile":{"unit":"vh","size":"","sizes":[]},"background_background":"slideshow","background_slideshow_gallery":[{"id":44,"url":"https:\/\/chepil.online\/wp-content\/uploads\/2025\/01\/welder-soldering-iron-in-workshop-RM65M39.jpg"},{"id":43,"url":"https:\/\/chepil.online\/wp-content\/uploads\/2025\/01\/side-view-of-welder-in-protection-mask-working-wit-2N7QKN3.jpg"},{"id":42,"url":"https:\/\/chepil.online\/wp-content\/uploads\/2025\/01\/man-worker-welding-metal-with-welding-machine-in-a-3SG5PY4.jpg"}],"background_slideshow_slide_duration":3000,"background_slideshow_ken_burns":"yes","flex_direction_mobile":"column","flex_justify_content_mobile":"flex-start","flex_gap_mobile":{"column":"","row":"","isLinked":true,"unit":"px","size":null},"margin":{"unit":"px","top":"0","right":"0","bottom":"0","left":"0","isLinked":true},"margin_mobile":{"unit":"px","top":"0","right":"0","bottom":"0","left":"0","isLinked":false},"padding":{"unit":"px","top":"0","right":"0","bottom":"0","left":"0","isLinked":true},"padding_mobile":{"unit":"px","top":"100","right":"0","bottom":"0","left":"0","isLinked":false},"_title":"Hero"},"elements":[{"id":"ee9f75e","settings":{"content_width":"full","width":{"unit":"%","size":50,"sizes":[]},"flex_direction":"column","flex_justify_content":"center","flex_align_items_mobile":"center","flex_gap":{"column":"10","row":"10","isLinked":true,"unit":"px","size":10},"flex_gap_mobile":{"column":"50","row":"50","isLinked":true,"unit":"px","size":50},"margin":{"unit":"px","top":"0","right":"0","bottom":"0","left":"100","isLinked":false},"margin_mobile":{"unit":"px","top":"0","right":"10","bottom":"0","left":"10","isLinked":false},"padding":{"unit":"px","top":"0","right":"0","bottom":"0","left":"0","isLinked":false}},"elements":[{"id":"3d79bd54","settings":{"title":"\u0415\u043a\u0441\u043f\u0435\u0440\u0442\u043d\u043e \u0432\u0438\u0433\u043e\u0442\u043e\u0432\u043b\u0435\u043d\u043e","header_size":"div","typography_typography":"custom","typography_font_family":"Roboto","typography_font_weight":"600","typography_text_transform":"uppercase","title_color":"#EB4036","_margin":{"unit":"px","top":"0","right":"0","bottom":"0","left":"0","isLinked":true},"_padding":{"unit":"px","top":"0","right":"0","bottom":"0","left":"0","isLinked":true},"_css_classes":"animated-border","_animation":"fadeInLeft","animation_duration":"slow","custom_css":".animated-border{\n    width: fit-content;\n}\n\n.animated-border::after {\n            content: '';\n            position: absolute;\n            bottom: -5px;\n            left: 0;\n            width: 0;\n            height: 2px;\n            background-color: #EB4036; \/* \u0426\u0432\u0435\u0442 \u0431\u043e\u0440\u0434\u0435\u0440\u0430 *\/\n            transition: width 0.3s ease; \/* \u0410\u043d\u0438\u043c\u0430\u0446\u0438\u044f *\/\n        }\n\n        \/* \u041f\u0440\u0438 \u043d\u0430\u0432\u0435\u0434\u0435\u043d\u0438\u0438 \u0448\u0438\u0440\u0438\u043d\u0430 \u043b\u0438\u043d\u0438\u0438 \u0443\u0432\u0435\u043b\u0438\u0447\u0438\u0432\u0430\u0435\u0442\u0441\u044f \u0434\u043e 100% *\/\n        .animated-border:hover::after {\n            width: 100%;\n        }"},"elements":[],"isInner":false,"widgetType":"heading","elType":"widget"},{"id":"290f4c57","settings":{"title":"\u0420\u0443\u043a\u043e\u0442\u0432\u043e\u0440\u043d\u0456 \u0456\u0441\u043a\u0440\u0438 \u0437\u0430\u043f\u0430\u043b\u044e\u044e\u0442\u044c \u0434\u043e\u0441\u043a\u043e\u043d\u0430\u043b\u0456\u0441\u0442\u044c","align_mobile":"center","typography_typography":"custom","typography_font_family":"Roboto","typography_font_size":{"unit":"rem","size":5,"sizes":[]},"typography_font_size_tablet":{"unit":"rem","size":"","sizes":[]},"typography_font_size_mobile":{"unit":"rem","size":2.5,"sizes":[]},"typography_font_weight":"600","typography_text_transform":"uppercase","typography_line_height_mobile":{"unit":"em","size":1.600000000000000088817841970012523233890533447265625,"sizes":[]},"typography_letter_spacing_mobile":{"unit":"px","size":0,"sizes":[]},"title_color":"#FFFFFF","_margin":{"unit":"px","top":"0","right":"0","bottom":"0","left":"0","isLinked":true},"_padding":{"unit":"px","top":"0","right":"0","bottom":"0","left":"0","isLinked":true},"_animation":"fadeIn","animation_duration":"slow","_animation_delay":1000,"header_size":"h1"},"elements":[],"isInner":false,"widgetType":"heading","elType":"widget"},{"id":"78cdae6e","settings":{"text":"\u0420\u043e\u0437\u043f\u0430\u043b\u0456\u0442\u044c \u0441\u0432\u0456\u0439 \u043f\u0440\u043e\u0435\u043a\u0442","typography_typography":"custom","typography_font_family":"Roboto","typography_font_size":{"unit":"rem","size":1,"sizes":[]},"typography_font_size_tablet":{"unit":"rem","size":"","sizes":[]},"typography_font_size_mobile":{"unit":"rem","size":"","sizes":[]},"typography_font_weight":"600","typography_text_transform":"uppercase","background_color":"#EB4036","button_background_hover_color":"#00000000","button_hover_border_color":"#EB4036","border_border":"solid","border_width":{"unit":"px","top":"1","right":"1","bottom":"1","left":"1","isLinked":true},"border_color":"#EB4036","_css_classes":"button-hero","_animation":"fadeInUp","animation_duration":"slow","_border_hover_width":{"unit":"px","top":"1","right":"1","bottom":"1","left":"1","isLinked":true},"_border_hover_color":"#EB4036","custom_css":".button-hero{\n    margin-top: 50px;\n    width: fit-content;\n}","_animation_delay":2000,"__dynamic__":{"link":"[elementor-tag id=\"48a5958\" name=\"popup\" settings=\"%7B%22popup%22%3A%22490%22%7D\"]"}},"elements":[],"isInner":false,"widgetType":"button","elType":"widget"}],"isInner":true,"elType":"container"},{"id":"7db153bf","settings":{"selected_icon":{"value":"fas fa-play","library":"fa-solid"},"view":"framed","primary_color":"#EB4036","size_tablet":{"unit":"px","size":44,"sizes":[]},"_margin_mobile":{"unit":"px","top":"0","right":"0","bottom":"0","left":"0","isLinked":false},"_position":"absolute","_offset_orientation_h":"end","_offset_x_end":{"unit":"px","size":73,"sizes":[]},"_offset_x_end_mobile":{"unit":"%","size":36,"sizes":[]},"_offset_orientation_v":"end","_offset_y_end":{"unit":"px","size":57,"sizes":[]},"_offset_y_end_mobile":{"unit":"%","size":5.5,"sizes":[]},"_z_index":2,"_z_index_mobile":2,"__dynamic__":{"link":"[elementor-tag id=\"97876cf\" name=\"popup\" settings=\"%7B%22popup%22%3A%2254%22%7D\"]"}},"elements":[],"isInner":false,"widgetType":"icon","elType":"widget"},{"id":"660aeea9","settings":{"text":"\u044f\u043a \u043c\u0438 \u043f\u0440\u0430\u0446\u044e\u0454\u043c\u043e","path":"circle","size":{"unit":"px","size":110,"sizes":[]},"size_tablet":{"unit":"px","size":100,"sizes":[]},"size_mobile":{"unit":"px","size":100,"sizes":[]},"text_typography_typography":"custom","text_typography_font_family":"Roboto","text_typography_font_size":{"unit":"px","size":96,"sizes":[]},"text_typography_font_weight":"400","text_color_normal":"#FFFFFF","stroke_color_normal":"#EB4036","_position":"absolute","_offset_orientation_h":"end","_offset_x":{"unit":"%","size":0,"sizes":[]},"_offset_x_tablet":{"unit":"%","size":"","sizes":[]},"_offset_x_mobile":{"unit":"%","size":"","sizes":[]},"_offset_x_end":{"unit":"px","size":71,"sizes":[]},"_offset_x_end_mobile":{"unit":"%","size":35,"sizes":[]},"_offset_orientation_v":"end","_offset_y_end":{"unit":"px","size":22,"sizes":[]},"_offset_y_end_mobile":{"unit":"%","size":1,"sizes":[]},"_animation":"none","custom_css":"selector svg{\r\n    animation: rotate 20s linear infinite;\r\n}\r\n@-webkit-keyframes rotate {\r\n  0% {\r\n    transform: rotate(0deg);\r\n  }\r\n  100% {\r\n    transform: rotate(360deg);\r\n  }\r\n}\r\n@keyframes rotate {\r\n  0% {\r\n    transform: rotate(0deg);\r\n  }\r\n  100% {\r\n    transform: rotate(360deg);\r\n  }\r\n}","align":"left","_element_width":"initial"},"elements":[],"isInner":false,"widgetType":"text-path","elType":"widget"}],"isInner":false,"elType":"container"},{"id":"4b7af417","settings":{"flex_direction":"row","flex_gap":{"unit":"px","size":0,"column":"0","row":"0"},"background_background":"classic","_title":"Advantages","__globals__":{"background_color":"globals\/colors?id=9858628"},"content_width":"full","padding":{"unit":"px","top":"0","right":"100","bottom":"0","left":"100","isLinked":false},"padding_tablet":{"unit":"px","top":"0","right":"0","bottom":"0","left":"0","isLinked":false}},"elements":[{"id":"53a5c5c9","settings":{"flex_direction":"column","content_width":"full","width":{"unit":"%","size":"25"},"flex_justify_content":"center"},"elements":[{"id":"10e9bb46","settings":{"image":{"url":"https:\/\/chepil.online\/wp-content\/uploads\/2025\/01\/Icon-1-1.png","id":80,"size":"","alt":"img-quality","source":"library"},"title_text":"\u042f\u043a\u0456\u0441\u0442\u044c \u0432\u0438\u0433\u043e\u0442\u043e\u0432\u043b\u0435\u043d\u043d\u044f","description_text":"","position":"left","__globals__":{"title_color":"globals\/colors?id=3f1bdaf"},"content_vertical_alignment_tablet":"middle","title_typography_typography":"custom","title_typography_font_family":"Roboto","title_typography_font_size_tablet":{"unit":"px","size":16,"sizes":[]},"title_typography_font_weight":"600"},"elements":[],"isInner":false,"widgetType":"image-box","elType":"widget"}],"isInner":true,"elType":"container"},{"id":"23e3e3b2","settings":{"flex_direction":"column","content_width":"full","width":{"unit":"%","size":"25"},"flex_justify_content":"center"},"elements":[{"id":"7e46210","settings":{"image":{"url":"https:\/\/chepil.online\/wp-content\/uploads\/2025\/01\/Icon-2-1.png","id":81,"size":"","alt":"img-sert","source":"library"},"title_text":"\u0421\u0435\u0440\u0442\u0438\u0444\u0456\u043a\u0430\u0446\u0456\u044f \u0412\u0456\u0434\u043f\u043e\u0432\u0456\u0434\u043d\u0456\u0441\u0442\u044c","description_text":"","position":"left","__globals__":{"description_color":"globals\/colors?id=3f1bdaf","title_color":"globals\/colors?id=3f1bdaf"},"content_vertical_alignment_tablet":"middle","title_typography_typography":"custom","title_typography_font_family":"Roboto","title_typography_font_size_tablet":{"unit":"px","size":16,"sizes":[]},"title_typography_font_weight":"600"},"elements":[],"isInner":false,"widgetType":"image-box","elType":"widget"}],"isInner":true,"elType":"container"},{"id":"31ef7990","settings":{"flex_direction":"column","content_width":"full","width":{"unit":"%","size":"25"},"flex_justify_content":"center"},"elements":[{"id":"5987681b","settings":{"image":{"url":"https:\/\/chepil.online\/wp-content\/uploads\/2025\/01\/Icon-3-1.png","id":82,"size":"","alt":"img-price","source":"library"},"title_text":"\u0414\u043e\u0441\u0442\u0443\u043f\u043d\u0430 \u0446\u0456\u043d\u0430 \u041a\u0440\u0430\u0449\u0456 \u0442\u0435\u0440\u043c\u0456\u043d\u0438","description_text":"","position":"left","__globals__":{"title_color":"globals\/colors?id=3f1bdaf"},"content_vertical_alignment_tablet":"middle","title_typography_typography":"custom","title_typography_font_family":"Roboto","title_typography_font_size_tablet":{"unit":"px","size":16,"sizes":[]},"title_typography_font_weight":"600"},"elements":[],"isInner":false,"widgetType":"image-box","elType":"widget"}],"isInner":true,"elType":"container"},{"id":"18db6807","settings":{"flex_direction":"column","content_width":"full","width":{"unit":"%","size":25},"background_background":"classic","background_image":{"url":"https:\/\/chepil.online\/wp-content\/uploads\/2025\/01\/a-man-welder-with-safety-helmet-working-with-arc-w-F9ND48Y-223x300.png","id":79,"size":"medium","alt":"man","source":"library"},"background_position":"center right","background_repeat":"no-repeat","__globals__":{"background_color":"globals\/colors?id=3f1bdaf"},"min_height":{"unit":"px","size":0,"sizes":[]},"background_size":"contain","_offset_orientation_h":"end","_offset_x_end":{"unit":"px","size":100,"sizes":[]},"_offset_orientation_v":"end","z_index":0},"elements":[{"id":"4d865530","settings":{"ending_number":25,"title":"\u0440\u043e\u043a\u0456\u0432 \u0434\u043e\u0441\u0432\u0456\u0434\u0443","title_horizontal_alignment":"start","number_color":"#FFFFFF","title_color":"#FFFFFF","thousand_separator":"","number_position":"start","suffix":"+","motion_fx_translateY_effect":"yes","motion_fx_tilt_effect":"yes","motion_fx_tilt_speed":{"unit":"px","size":1,"sizes":[]}},"elements":[],"isInner":false,"widgetType":"counter","elType":"widget"},{"id":"2074eb97","settings":{"text":"\u0417\u0430\u043c\u043e\u0432\u0438\u0442\u0438","align":"left","typography_typography":"custom","typography_font_family":"Roboto","typography_font_weight":"500","typography_text_transform":"uppercase","background_color":"#FFFFFF00","_element_custom_width":{"unit":"%","size":55,"sizes":[]},"__globals__":{"background_color":"","button_text_color":""},"selected_icon":{"value":"fas fa-arrow-right","library":"fa-solid"},"button_text_color":"#FFFFFF","hover_animation":"grow","border_border":"none","_flex_align_self":"flex-start","link":{"url":"#Contact","is_external":"","nofollow":"","custom_attributes":""}},"elements":[],"isInner":false,"widgetType":"button","elType":"widget"}],"isInner":true,"elType":"container"}],"isInner":false,"elType":"container"},{"id":"7853b682","settings":{"flex_direction":"row","flex_gap":{"unit":"px","size":50,"column":"50","row":"0"},"content_width":"full","flex_justify_content":"space-evenly","background_background":"classic","margin":{"unit":"px","top":"0","right":"0","bottom":"0","left":"0","isLinked":false},"padding":{"unit":"px","top":"50","right":"100","bottom":"0","left":"100","isLinked":false},"__globals__":{"background_color":"globals\/colors?id=9858628"},"_title":"About Us","flex_direction_tablet":"column","flex_align_items_tablet":"center","padding_tablet":{"unit":"px","top":"0","right":"0","bottom":"0","left":"0","isLinked":false},"_element_id":"About"},"elements":[{"id":"a3661f0","settings":{"flex_direction":"column","content_width":"full","width":{"unit":"%","size":"50"},"motion_fx_translateY_effect":"yes","motion_fx_range":"viewport","animation":"zoomIn","animation_duration":"slow","width_tablet":{"unit":"%","size":90,"sizes":[]},"width_mobile":{"unit":"%","size":"","sizes":[]}},"elements":[{"id":"6f7fb60b","settings":{"image":{"url":"https:\/\/chepil.online\/wp-content\/uploads\/2025\/02\/welder-working-at-the-factory-3ATMXRR-1.jpg","id":159,"size":"","alt":"welder","source":"library"},"image_custom_dimension":{"width":"500","height":"500"}},"elements":[],"isInner":false,"widgetType":"image","elType":"widget"},{"id":"5c864e5d","settings":{"content_width":"full","width":{"unit":"px","size":378,"sizes":[]},"min_height":{"unit":"px","size":215,"sizes":[]},"flex_direction":"row","flex_align_items":"center","background_background":"classic","background_color":"#EB403696","_offset_orientation_h":"end","_offset_orientation_v":"end","__globals__":{"background_color":""},"flex_direction_mobile":"column","css_classes":"finished-projects","custom_css":"@media screen and (min-width: 768px) {\n  .finished-projects {\n    position: absolute;\n    bottom: 0;\n    right: 0;\n  }\n}"},"elements":[{"id":"3a210f92","settings":{"image":{"url":"https:\/\/chepil.online\/wp-content\/uploads\/2025\/02\/Icon-4.png","id":190,"size":"","alt":"icon-4","source":"library"},"image_size":"thumbnail","_padding":{"unit":"px","top":"32","right":"32","bottom":"32","left":"32","isLinked":true}},"elements":[],"isInner":false,"widgetType":"image","elType":"widget"},{"id":"6618e16d","settings":{"ending_number":999,"suffix":"+","title":"\u0423\u0421\u041f\u0406\u0428\u041d\u0418\u0425 \u041f\u0420\u041e\u0415\u041a\u0422\u0406\u0412","number_color":"#FFFFFF","title_color":"#FFFFFF","title_stroke_text_stroke_type":"yes","_element_width":"initial","_element_custom_width":{"unit":"%","size":50,"sizes":[]},"title_position_mobile":"after","_element_custom_width_mobile":{"unit":"%","size":90,"sizes":[]}},"elements":[],"isInner":false,"widgetType":"counter","elType":"widget"}],"isInner":true,"elType":"container"}],"isInner":true,"elType":"container"},{"id":"5123b124","settings":{"flex_direction":"column","content_width":"full","width":{"unit":"%","size":"50"},"flex_justify_content":"center","width_tablet":{"unit":"%","size":90,"sizes":[]},"width_mobile":{"unit":"%","size":"","sizes":[]},"flex_align_items_mobile":"center"},"elements":[{"id":"70980111","settings":{"title":"\u041f\u0440\u043e \u043d\u0430\u0441","header_size":"div","typography_typography":"custom","typography_font_family":"Roboto","typography_font_weight":"600","typography_text_transform":"uppercase","title_color":"#EB4036","_css_classes":"animated-border","__globals__":{"typography_typography":"","title_color":"globals\/colors?id=3f1bdaf"}},"elements":[],"isInner":false,"widgetType":"heading","elType":"widget"},{"id":"47e6ee25","settings":{"title":"\u0417\u0432\u0430\u0440\u044e\u0432\u0430\u043b\u044c\u043d\u0430 \u043c\u0430\u0439\u0441\u0442\u0435\u0440\u043d\u0456\u0441\u0442\u044c<br> \n\u041a\u0443\u0432\u0430\u043d\u043d\u044f \u0414\u043e\u0441\u043a\u043e\u043d\u0430\u043b\u043e\u0441\u0442\u0456","title_color":"#FFFFFF","align_mobile":"center","typography_typography":"custom","typography_font_family":"Roboto","typography_font_weight":"600","typography_text_transform":"uppercase"},"elements":[],"isInner":false,"widgetType":"heading","elType":"widget"},{"id":"635aa375","settings":{"editor":"<p data-start=\"69\" data-end=\"296\">\u041c\u0438 \u2013 \u043a\u043e\u043c\u0430\u043d\u0434\u0430 \u043f\u0440\u043e\u0444\u0435\u0441\u0456\u043e\u043d\u0430\u043b\u0456\u0432 \u0443 \u0441\u0444\u0435\u0440\u0456 \u0432\u0438\u0433\u043e\u0442\u043e\u0432\u043b\u0435\u043d\u043d\u044f \u043c\u0435\u0442\u0430\u043b\u043e\u043a\u043e\u043d\u0441\u0442\u0440\u0443\u043a\u0446\u0456\u0439 \u0442\u0430 \u0437\u0432\u0430\u0440\u044e\u0432\u0430\u043b\u044c\u043d\u0438\u0445 \u0440\u043e\u0431\u0456\u0442. \u041d\u0430\u0448\u0430 \u043a\u043e\u043c\u043f\u0430\u043d\u0456\u044f \u0441\u043f\u0435\u0446\u0456\u0430\u043b\u0456\u0437\u0443\u0454\u0442\u044c\u0441\u044f \u043d\u0430 \u0441\u0442\u0432\u043e\u0440\u0435\u043d\u043d\u0456 \u043d\u0430\u0434\u0456\u0439\u043d\u0438\u0445, \u043c\u0456\u0446\u043d\u0438\u0445 \u0456 \u0434\u043e\u0432\u0433\u043e\u0432\u0456\u0447\u043d\u0438\u0445 \u043a\u043e\u043d\u0441\u0442\u0440\u0443\u043a\u0446\u0456\u0439 \u0434\u043b\u044f \u043f\u0440\u043e\u043c\u0438\u0441\u043b\u043e\u0432\u0438\u0445, \u043a\u043e\u043c\u0435\u0440\u0446\u0456\u0439\u043d\u0438\u0445 \u0456 \u043f\u0440\u0438\u0432\u0430\u0442\u043d\u0438\u0445 \u043e\u0431'\u0454\u043a\u0442\u0456\u0432.<\/p><p data-start=\"298\" data-end=\"549\">\u0417\u0430\u0432\u0434\u044f\u043a\u0438 \u0441\u0443\u0447\u0430\u0441\u043d\u043e\u043c\u0443 \u043e\u0431\u043b\u0430\u0434\u043d\u0430\u043d\u043d\u044e, \u043f\u0435\u0440\u0435\u0434\u043e\u0432\u0438\u043c \u0442\u0435\u0445\u043d\u043e\u043b\u043e\u0433\u0456\u044f\u043c \u0442\u0430 \u0434\u043e\u0441\u0432\u0456\u0434\u0443 \u043d\u0430\u0448\u0438\u0445 \u043c\u0430\u0439\u0441\u0442\u0440\u0456\u0432 \u043c\u0438 \u0437\u0430\u0431\u0435\u0437\u043f\u0435\u0447\u0443\u0454\u043c\u043e \u0432\u0438\u0441\u043e\u043a\u0443 \u044f\u043a\u0456\u0441\u0442\u044c \u043a\u043e\u0436\u043d\u043e\u0433\u043e \u043f\u0440\u043e\u0454\u043a\u0442\u0443. \u041c\u0438 \u043f\u0440\u0430\u0446\u044e\u0454\u043c\u043e \u0437 \u0456\u043d\u0434\u0438\u0432\u0456\u0434\u0443\u0430\u043b\u044c\u043d\u0438\u043c\u0438 \u0437\u0430\u043c\u043e\u0432\u043b\u0435\u043d\u043d\u044f\u043c\u0438, \u0432\u0440\u0430\u0445\u043e\u0432\u0443\u0454\u043c\u043e \u0432\u0441\u0456 \u043f\u043e\u0431\u0430\u0436\u0430\u043d\u043d\u044f \u043a\u043b\u0456\u0454\u043d\u0442\u0456\u0432 \u0442\u0430 \u0433\u0430\u0440\u0430\u043d\u0442\u0443\u0454\u043c\u043e \u0442\u043e\u0447\u043d\u0456\u0441\u0442\u044c \u0456 \u043d\u0430\u0434\u0456\u0439\u043d\u0456\u0441\u0442\u044c \u0432\u0438\u043a\u043e\u043d\u0430\u043d\u043d\u044f.<\/p><p data-start=\"551\" data-end=\"666\">\u041e\u0431\u0438\u0440\u0430\u044e\u0447\u0438 \u043d\u0430\u0441, \u0432\u0438 \u043e\u0442\u0440\u0438\u043c\u0443\u0454\u0442\u0435 \u043d\u0435 \u043b\u0438\u0448\u0435 \u044f\u043a\u0456\u0441\u043d\u0438\u0439 \u043f\u0440\u043e\u0434\u0443\u043a\u0442, \u0430 \u0439 \u043d\u0430\u0434\u0456\u0439\u043d\u043e\u0433\u043e \u043f\u0430\u0440\u0442\u043d\u0435\u0440\u0430 \u0434\u043b\u044f \u0432\u0430\u0448\u043e\u0433\u043e \u0431\u0443\u0434\u0456\u0432\u043d\u0438\u0446\u0442\u0432\u0430 \u0442\u0430 \u0432\u0438\u0440\u043e\u0431\u043d\u0438\u0446\u0442\u0432\u0430.<\/p><p data-start=\"668\" data-end=\"706\">\u0417\u0432\u0435\u0440\u0442\u0430\u0439\u0442\u0435\u0441\u044c \u2013 \u0431\u0443\u0434\u0435\u043c\u043e \u0440\u0430\u0434\u0456 \u0441\u043f\u0456\u0432\u043f\u0440\u0430\u0446\u0456!<\/p>","align_mobile":"center"},"elements":[],"isInner":false,"widgetType":"text-editor","elType":"widget"},{"id":"5724dab6","settings":{"text":"\u0420\u043e\u0437\u043f\u0430\u043b\u0456\u0442\u044c \u0441\u0432\u0456\u0439 \u043f\u0440\u043e\u0435\u043a\u0442","typography_typography":"custom","typography_font_family":"Roboto","typography_font_size":{"unit":"rem","size":1,"sizes":[]},"typography_font_size_tablet":{"unit":"rem","size":"","sizes":[]},"typography_font_size_mobile":{"unit":"rem","size":"","sizes":[]},"typography_font_weight":"600","typography_text_transform":"uppercase","background_color":"#EB4036","button_background_hover_color":"#00000000","button_hover_border_color":"#EB4036","border_border":"solid","border_width":{"unit":"px","top":"1","right":"1","bottom":"1","left":"1","isLinked":true},"border_color":"#EB4036","_css_classes":"button-hero","_animation":"fadeInUp","animation_duration":"slow","_border_hover_width":{"unit":"px","top":"1","right":"1","bottom":"1","left":"1","isLinked":true},"_border_hover_color":"#EB4036","custom_css":".button-hero{\n    margin-top: 50px;\n    width: fit-content;\n}","__dynamic__":{"link":"[elementor-tag id=\"847774c\" name=\"popup\" settings=\"%7B%22popup%22%3A%22490%22%7D\"]"}},"elements":[],"isInner":false,"widgetType":"button","elType":"widget"}],"isInner":true,"elType":"container"}],"isInner":false,"elType":"container"},{"id":"5bfc4fae","settings":{"flex_direction":"column","content_width":"full","background_background":"classic","__globals__":{"background_color":"globals\/colors?id=9858628"},"padding":{"unit":"px","top":"50","right":"0","bottom":"0","left":"0","isLinked":false}},"elements":[{"id":"645fcb89","settings":{"title":"\u041a\u043e\u043c\u043f\u0430\u043d\u0456\u0457 \u044f\u043a\u0456 \u043d\u0430\u043c \u0434\u043e\u0432\u0456\u0440\u044f\u044e\u0442\u044c","align":"center","typography_typography":"custom","typography_font_family":"Roboto","typography_font_weight":"600","typography_text_transform":"uppercase","title_color":"#FFFFFF"},"elements":[],"isInner":false,"widgetType":"heading","elType":"widget"},{"id":"51a9ac86","settings":{"carousel_name":"Image Carousel","carousel":[{"id":296,"url":"https:\/\/chepil.online\/wp-content\/uploads\/2025\/02\/5OPvtAazWdkJobTPyscCxyyZFCeQwz6BurKVqDEy.png"},{"id":297,"url":"https:\/\/chepil.online\/wp-content\/uploads\/2025\/02\/1200px-ROZETKA-Logo-L3-B-RGB.png"},{"id":298,"url":"https:\/\/chepil.online\/wp-content\/uploads\/2025\/02\/29348720985-209-0.png"},{"id":299,"url":"https:\/\/chepil.online\/wp-content\/uploads\/2025\/02\/delvi-logo-new-1.png"},{"id":300,"url":"https:\/\/chepil.online\/wp-content\/uploads\/2025\/02\/logo.png"},{"id":301,"url":"https:\/\/chepil.online\/wp-content\/uploads\/2025\/02\/Silpo_outline_logo.svg_.png"}],"navigation":"none","autoplay_speed":0,"speed":10000,"custom_css":"selector .swiper-wrapper {\r\n  -webkit-transition-timing-function: linear !important;\r\n  transition-timing-function: linear !important;\r\n}","thumbnail_size":"medium","pause_on_interaction":"","gallery_vertical_align":"center"},"elements":[],"isInner":false,"widgetType":"image-carousel","elType":"widget"}],"isInner":false,"elType":"container"},{"id":"11d323d3","settings":{"flex_direction":"row","flex_justify_content":"flex-end","background_background":"video","background_video_link":"https:\/\/chepil.online\/wp-content\/uploads\/2025\/01\/welding-video-hero.mp4","padding":{"unit":"px","top":"50","right":"50","bottom":"50","left":"50","isLinked":true},"padding_tablet":{"unit":"px","top":"50","right":"50","bottom":"50","left":"50","isLinked":true},"hide_mobile":"hidden-mobile"},"elements":[{"id":"36d381bb","settings":{"title":"\u0417\u0432\u0430\u0440\u044e\u0432\u0430\u043d\u043d\u044f <br>\n\u041c\u0430\u0439\u0431\u0443\u0442\u043d\u044c\u043e\u0433\u043e","typography_typography":"custom","typography_font_family":"Roboto","typography_font_weight":"600","typography_text_transform":"uppercase","typography_line_height":{"unit":"px","size":44,"sizes":[]},"title_color":"#FFFFFF","_padding":{"unit":"px","top":"20","right":"0","bottom":"20","left":"20","isLinked":false},"_element_width":"initial","_element_custom_width":{"unit":"%","size":25,"sizes":[]},"_element_custom_width_tablet":{"unit":"%","size":41,"sizes":[]},"_element_custom_width_mobile":{"unit":"%","size":"","sizes":[]},"_border_border":"solid","_border_width":{"unit":"px","top":"0","right":"0","bottom":"0","left":"11","isLinked":false},"_border_radius":{"unit":"px","top":"0","right":"0","bottom":"0","left":"0","isLinked":true},"__globals__":{"_border_color":"globals\/colors?id=3f1bdaf"}},"elements":[],"isInner":false,"widgetType":"heading","elType":"widget"}],"isInner":false,"elType":"container"},{"id":"7bb2f484","settings":{"flex_direction":"column","content_width":"full","min_height":{"unit":"vh","size":200,"sizes":[]},"min_height_tablet":{"unit":"vh","size":"","sizes":[]},"min_height_mobile":{"unit":"vh","size":"","sizes":[]},"background_background":"classic","background_color":"#121212","background_image":{"url":"https:\/\/chepil.online\/wp-content\/uploads\/2025\/02\/welder-at-work-LV9DG4W.png","id":344,"size":"","alt":"welder","source":"library"},"background_overlay_background":"gradient","background_overlay_color_b_stop":{"unit":"%","size":0,"sizes":[]},"background_overlay_gradient_angle":{"unit":"deg","size":0,"sizes":[]},"background_overlay_opacity":{"unit":"px","size":0.84999999999999997779553950749686919152736663818359375,"sizes":[]},"css_classes":"back-black","custom_css":".back-black{\n    z-index: -1;\n}","__globals__":{"background_color":"","background_overlay_color":"globals\/colors?id=9858628","background_overlay_color_b":"globals\/colors?id=9858628"},"position":"fixed"},"elements":[],"isInner":false,"elType":"container"},{"id":"39739e82","settings":{"flex_direction":"column","content_width":"full","flex_align_items":"center","padding":{"unit":"px","top":"50","right":"0","bottom":"0","left":"0","isLinked":false},"_element_id":"Product"},"elements":[{"id":"76511a66","settings":{"title":"\u041d\u0430\u0448\u0430 \u043f\u0440\u043e\u0434\u0443\u043a\u0446\u0456\u044f","align":"center","typography_typography":"custom","typography_font_family":"Roboto","typography_font_weight":"600","typography_text_transform":"uppercase","title_color":"#FFFFFF"},"elements":[],"isInner":false,"widgetType":"heading","elType":"widget"},{"id":"49aa1493","settings":{"container_type":"grid","presetTitle":"Grid","presetIcon":"eicon-container-grid","min_height":{"unit":"px","size":670,"sizes":[]},"grid_columns_grid":{"unit":"fr","size":2,"sizes":[]},"min_height_tablet":{"unit":"px","size":573,"sizes":[]},"min_height_mobile":{"unit":"px","size":1035,"sizes":[]},"grid_rows_grid_tablet":{"unit":"fr","size":2,"sizes":[]},"grid_rows_grid_mobile":{"unit":"fr","size":4,"sizes":[]}},"elements":[{"id":"2f57a8dc","settings":{"image":{"url":"","id":"","size":""},"title_text":"\u0413\u0440\u0430\u0442\u0438 ","description_text":"\u0420\u043e\u0437\u0441\u0443\u0432\u043d\u0456, \u043a\u043e\u0432\u0430\u043d\u0456, \u0432\u0456\u0434\u043a\u0440\u0438\u0432\u043d\u0456, \u0437\u0432\u0438\u0447\u0430\u0439\u043d\u0456, \u0433\u043d\u0443\u0442\u0456 \u043d\u0430 \u0432\u0456\u043a\u043d\u0430 \u0442\u0430 \u0434\u0432\u0435\u0440\u0456","description_color":"#FFFFFF","_css_classes":"services-card","_background_background":"classic","_background_image":{"url":"https:\/\/chepil.online\/wp-content\/uploads\/2025\/02\/DlgRI96Bped8FhHk-generated_image.jpg","id":394,"size":"","alt":"DlgRI9","source":"library"},"_background_position":"center center","_background_xpos":{"unit":"px","size":-99,"sizes":[]},"_background_ypos":{"unit":"px","size":-25,"sizes":[]},"_background_size":"contain","custom_css":".services-card .elementor-image-box-wrapper{\n    height: 100%;\n}\n\n.services-card .elementor-image-box-content{\n    display: flex;\n    flex-direction: column;\n    justify-content: flex-end;\n    height: 100%;\n    opacity: 0;\n    transition: opacity 0.3s ease-in-out;\n    background: linear-gradient(rgba(0, 0, 0, 0.6), rgba(0, 0, 0, 0.6));\n}\n\n.services-card .elementor-image-box-content:hover{\n    opacity: 1;\n}\n\n@media (max-width: 1024px) {\n    .services-card .elementor-image-box-content {\n        opacity: 1;\n    }\n}","title_typography_typography":"custom","title_typography_font_family":"Roboto","title_typography_font_weight":"600","title_typography_text_transform":"uppercase","description_typography_typography":"custom","description_typography_font_family":"Roboto","description_typography_font_size":{"unit":"px","size":24,"sizes":[]},"description_typography_font_weight":"400","__globals__":{"title_color":"globals\/colors?id=3f1bdaf"}},"elements":[],"isInner":false,"widgetType":"image-box","elType":"widget"},{"id":"70bb6068","settings":{"image":{"url":"","id":"","size":""},"title_text":"\u041b\u043e\u0444\u0442","description_text":"\u041b\u043e\u0444\u0442 \u043c\u0435\u0431\u043b\u0456, \u0441\u0445\u043e\u0434\u0438, \u0441\u0432\u0456\u0442\u0438\u043b\u044c\u043d\u0438\u043a\u0438, \u043f\u0435\u0440\u0435\u0433\u043e\u0440\u043e\u0434\u043a\u0438 \u0442\u043e\u0449\u043e","_css_classes":"services-card container","_background_background":"classic","_background_image":{"url":"https:\/\/chepil.online\/wp-content\/uploads\/2025\/02\/hry7AtjnFcUmgxGx-generated_image.jpg","id":409,"size":"","alt":"hry7AtjnF","source":"library"},"_background_position":"center center","_background_size":"cover","title_typography_typography":"custom","title_typography_font_family":"Roboto","title_typography_font_weight":"600","title_typography_text_transform":"uppercase","description_color":"#FFFFFF","description_typography_typography":"custom","description_typography_font_family":"Roboto","description_typography_font_size":{"unit":"px","size":24,"sizes":[]},"description_typography_font_weight":"400","_background_color":"#884040FC","__globals__":{"title_color":"globals\/colors?id=3f1bdaf"}},"elements":[],"isInner":false,"widgetType":"image-box","elType":"widget"},{"id":"5872cfaa","settings":{"image":{"url":"","id":"","size":""},"title_text":"\u0412\u0438\u0440\u043e\u0431\u0438 \u0437 \u043c\u0435\u0442\u0430\u043b\u0443","description_text":"\u0411\u0443\u0434\u044c-\u044f\u043a\u0456 \u0432\u0438\u0440\u043e\u0431\u0438 \u0437 \u043c\u0435\u0442\u0430\u043b\u0443 \u0437\u0430 \u0432\u0430\u0448\u0438\u043c\u0438 \u043a\u0440\u0435\u0441\u043b\u0435\u043d\u043d\u044f\u043c\u0438","_css_classes":"services-card","_background_background":"classic","_background_image":{"url":"https:\/\/chepil.online\/wp-content\/uploads\/2025\/02\/side-view-of-welder-in-protective-work-wear-workin-FZTC62W.jpg","id":381,"size":"","alt":"side-view-of","source":"library"},"_background_position":"center center","_background_size":"cover","title_typography_typography":"custom","title_typography_font_family":"Roboto","title_typography_font_weight":"600","title_typography_text_transform":"uppercase","description_color":"#FFFFFF","description_typography_typography":"custom","description_typography_font_family":"Roboto","description_typography_font_size":{"unit":"px","size":24,"sizes":[]},"description_typography_font_weight":"400","__globals__":{"description_color":"","title_color":"globals\/colors?id=3f1bdaf"}},"elements":[],"isInner":false,"widgetType":"image-box","elType":"widget"},{"id":"5e075187","settings":{"image":{"url":"","id":"","size":""},"title_text":"\u0424\u0430\u0440\u0431\u0443\u0432\u0430\u043d\u043d\u044f","description_text":"\u041f\u043e\u0440\u043e\u0448\u043a\u043e\u0432\u0435 \u0444\u0430\u0440\u0431\u0443\u0432\u0430\u043d\u043d\u044f, \u043f\u0456\u0441\u043a\u043e\u0441\u0442\u0440\u0443\u0439\u043d\u0430 \u043e\u0431\u0440\u043e\u0431\u043a\u0430, \u0448\u043b\u0456\u0444\u0443\u0432\u0430\u043d\u043d\u044f, \u0441\u0432\u0435\u0440\u0434\u043b\u0456\u043d\u043d\u044f \u0442\u043e\u0449\u043e","_css_classes":"services-card","_background_background":"classic","_background_image":{"url":"https:\/\/chepil.online\/wp-content\/uploads\/2025\/02\/5849326283_w640_h2048_2_2_1024x682.webp","id":410,"size":"","alt":"5849326","source":"library"},"_background_position":"center center","_background_size":"cover","title_typography_typography":"custom","title_typography_font_family":"Roboto","title_typography_font_weight":"600","title_typography_text_transform":"uppercase","description_color":"#FFFFFF","description_typography_typography":"custom","description_typography_font_family":"Roboto","description_typography_font_size":{"unit":"px","size":24,"sizes":[]},"description_typography_font_weight":"400","__globals__":{"title_color":"globals\/colors?id=3f1bdaf"}},"elements":[],"isInner":false,"widgetType":"image-box","elType":"widget"}],"isInner":true,"elType":"container"}],"isInner":false,"elType":"container"},{"id":"4c198b0d","settings":{"flex_direction":"column","content_width":"full","padding":{"unit":"px","top":"50","right":"0","bottom":"0","left":"0","isLinked":false}},"elements":[{"id":"2ae2e867","settings":{"title":"\u0413\u0430\u043b\u0435\u0440\u0435\u044f","align":"center","typography_typography":"custom","typography_font_family":"Roboto","typography_font_weight":"600","typography_text_transform":"uppercase","title_color":"#FFFFFF"},"elements":[],"isInner":false,"widgetType":"heading","elType":"widget"},{"id":"25db220b","settings":{"carousel_name":"Image Carousel","carousel":[{"id":393,"url":"https:\/\/chepil.online\/wp-content\/uploads\/2025\/02\/inh0Y1It9YDjvV0p-generated_image.jpg"},{"id":423,"url":"https:\/\/chepil.online\/wp-content\/uploads\/2025\/02\/12-1-q9bgkyjvywde7gz65g8teu6gedcap8mteg8v0o4ywc.jpg"},{"id":440,"url":"https:\/\/chepil.online\/wp-content\/uploads\/2025\/02\/\u0437\u043e\u0431\u0440\u0430\u0436\u0435\u043d\u043d\u044f_viber_2025-02-25_12-06-44-826-e1740602113749.jpg"},{"id":424,"url":"https:\/\/chepil.online\/wp-content\/uploads\/2025\/02\/6-1-q9bbdyjsbgdsg8ls3masd0z5wr1hd098cvxbwxekrw.jpg"},{"id":425,"url":"https:\/\/chepil.online\/wp-content\/uploads\/2025\/02\/q9bb8ubf3xdl8o1dzenwsbgth89jgbxubk25uozqng.jpg"},{"id":426,"url":"https:\/\/chepil.online\/wp-content\/uploads\/2025\/02\/8-1-q9bbdzhmiaf2rukey4pexiqmi4wukpcyp0kte7d6lo.jpg"},{"id":427,"url":"https:\/\/chepil.online\/wp-content\/uploads\/2025\/02\/1-q9bbdvq9qy9xhepvk32wnjos4lfdpwy1chyvh3irak.jpg"},{"id":437,"url":"https:\/\/chepil.online\/wp-content\/uploads\/2025\/02\/23f0a5b022baac823fa55be24c0d3bc8-o2xdm948zwo3lv75tyw5h8gln3ll3x47lncqnsiy00.jpg"},{"id":438,"url":"https:\/\/chepil.online\/wp-content\/uploads\/2025\/02\/7-q9bb8tdkx3cax22r4w9a7tpcvue68mu3zfeodf14to.jpg"},{"id":422,"url":"https:\/\/chepil.online\/wp-content\/uploads\/2025\/02\/4-4-q9bgkuskff0eaqm80a58ze1yv8ucv9g0mzh68hia3k.jpg"}],"navigation":"none","autoplay_speed":0,"speed":10000,"custom_css":"selector .swiper-wrapper {\r\n  -webkit-transition-timing-function: linear !important;\r\n  transition-timing-function: linear !important;\r\n}","thumbnail_size":"medium","pause_on_interaction":"","gallery_vertical_align":"center"},"elements":[],"isInner":false,"widgetType":"image-carousel","elType":"widget"}],"isInner":false,"elType":"container"},{"id":"652a5067","settings":{"flex_direction":"row","flex_gap":{"unit":"px","size":0,"column":"0","row":"0"},"content_width":"full","flex_direction_tablet":"column","flex_align_items_tablet":"center","background_background":"classic","padding":{"unit":"px","top":"20","right":"20","bottom":"20","left":"20","isLinked":true},"_element_id":"Contact","__globals__":{"background_color":"globals\/colors?id=9858628"}},"elements":[{"id":"292316fd","settings":{"flex_direction":"column","content_width":"full","width":{"unit":"%","size":"25"},"width_tablet":{"unit":"%","size":100,"sizes":[]},"width_mobile":{"unit":"%","size":"","sizes":[]},"flex_justify_content":"space-around","flex_align_items_tablet":"center","flex_align_items_mobile":"center","flex_gap":{"column":"0","row":"0","isLinked":true,"unit":"px","size":0},"flex_gap_mobile":{"column":"10","row":"10","isLinked":true,"unit":"px","size":10}},"elements":[{"id":"506c6321","settings":{"title":"\u041a\u043e\u043d\u0442\u0430\u043a\u0442\u0438","typography_typography":"custom","typography_font_family":"Roboto","typography_font_weight":"600","typography_text_transform":"uppercase","title_color":"#FFFFFF"},"elements":[],"isInner":false,"widgetType":"heading","elType":"widget"},{"id":"63aad885","settings":{"title":"\u043c. \u0414\u043d\u0456\u043f\u0440\u043e, \u043f\u0440. \u0421\u043b\u043e\u0431\u043e\u0436\u0430\u043d\u0441\u044c\u043a\u0438\u0439 20","header_size":"div","title_color":"#FFFFFF"},"elements":[],"isInner":false,"widgetType":"heading","elType":"widget"},{"id":"b68eb80","settings":{"text":"+380664919738","link":{"url":"tel:+380664919738","is_external":"","nofollow":"","custom_attributes":""},"typography_typography":"custom","typography_font_family":"Roboto","typography_font_size":{"unit":"rem","size":1,"sizes":[]},"typography_font_size_tablet":{"unit":"rem","size":"","sizes":[]},"typography_font_size_mobile":{"unit":"rem","size":"","sizes":[]},"typography_font_weight":"600","typography_text_transform":"uppercase","background_color":"#EB4036","button_background_hover_color":"#00000000","border_border":"solid","border_width":{"unit":"px","top":"1","right":"1","bottom":"1","left":"1","isLinked":true},"border_color":"#EB4036","selected_icon":{"value":"fas fa-phone-alt","library":"fa-solid"},"align":"justify","content_align":"center"},"elements":[],"isInner":false,"widgetType":"button","elType":"widget"},{"id":"2fde5a19","settings":{"title":"\u041f\u041d-\u041f\u0422 09:00 - 17:00","header_size":"div","typography_typography":"custom","typography_font_family":"Roboto","typography_font_weight":"600","typography_text_transform":"uppercase","title_color":"#FFFFFF"},"elements":[],"isInner":false,"widgetType":"heading","elType":"widget"},{"id":"76d17017","settings":{"__dynamic__":{"image":"[elementor-tag id=\"\" name=\"site-logo\" settings=\"%7B%7D\"]"}},"elements":[],"isInner":false,"widgetType":"theme-site-logo","elType":"widget"}],"isInner":true,"elType":"container"},{"id":"77f85da4","settings":{"flex_direction":"column","content_width":"full","width":{"unit":"%","size":"25"},"width_tablet":{"unit":"%","size":100,"sizes":[]},"width_mobile":{"unit":"%","size":"","sizes":[]},"flex_justify_content":"center"},"elements":[{"id":"2f4158ff","settings":{"address":"\u043f\u0440\u043e\u0441\u043f\u0435\u043a\u0442 \u0421\u043b\u043e\u0431\u043e\u0436\u0430\u043d\u0441\u044c\u043a\u0438\u0439, 20, \u0414\u043d\u0456\u043f\u0440\u043e, \u0414\u043d\u0456\u043f\u0440\u043e\u043f\u0435\u0442\u0440\u043e\u0432\u0441\u044c\u043a\u0430 \u043e\u0431\u043b\u0430\u0441\u0442\u044c, 49000","zoom":{"unit":"px","size":11,"sizes":[]}},"elements":[],"isInner":false,"widgetType":"google_maps","elType":"widget"}],"isInner":true,"elType":"container"},{"id":"43b0abea","settings":{"flex_direction":"column","content_width":"full","width":{"unit":"%","size":"50"},"width_tablet":{"unit":"%","size":100,"sizes":[]},"width_mobile":{"unit":"%","size":"","sizes":[]}},"elements":[{"id":"daf31ed","settings":{"form_name":"New Form","form_fields":[{"custom_id":"name","field_label":"\u0406\u043c'\u044f","placeholder":"\u0412\u0430\u0448\u0435 \u0456\u043c'\u044f","dynamic":{"active":true},"_id":"4ae95d0","required":"true"},{"custom_id":"email","field_type":"tel","required":"true","field_label":"\u0422\u0435\u043b\u0435\u0444\u043e\u043d","placeholder":"\u0412\u0430\u0448 \u043d\u043e\u043c\u0435\u0440 \u0442\u0435\u043b\u0435\u0444\u043e\u043d\u0443","_id":"af1fa23"},{"custom_id":"message","field_type":"textarea","field_label":"\u041a\u043e\u0440\u043e\u0442\u043a\u0438\u0439 \u043e\u043f\u0438\u0441","placeholder":"\u041e\u043f\u0438\u0448\u0438\u0442\u044c \u0449\u043e \u0441\u0430\u043c\u0435 \u043f\u043e\u0442\u0440\u0456\u0431\u043d\u043e","_id":"84d13cc","required":"true"},{"_id":"1c47cdc","field_type":"recaptcha","custom_id":"field_1c47cdc"}],"mark_required":"yes","step_next_label":"Next","step_previous_label":"Previous","button_text":"\u0412\u0456\u0434\u043f\u0440\u0430\u0432\u0438\u0442\u0438","submit_actions":["save-to-database","email"],"email_content":"[all-fields]","email_content_2":"[all-fields]","custom_messages":"yes","success_message":"\u0412\u0430\u0448\u0435 \u043f\u043e\u0432\u0456\u0434\u043e\u043c\u043b\u0435\u043d\u043d\u044f \u0432\u0456\u0434\u043f\u0440\u0430\u0432\u043b\u0435\u043d\u0435!","error_message":"\u041d\u0435\u0432\u0434\u0430\u043b\u043e\u0441\u044c \u0432\u0456\u0434\u043f\u0440\u0430\u0432\u0438\u0442\u0438","server_message":"\u041f\u043e\u043c\u0438\u043b\u043a\u0430 \u0441\u0435\u0440\u0432\u0435\u0440\u0443","invalid_message":"\u041f\u043e\u043c\u0438\u043b\u043a\u0430 \u0432\u0456\u0434\u043f\u0440\u0430\u0432\u043a\u0438","required_field_message":"This field is required.","label_color":"#FFFFFF","button_border_border":"solid","button_border_width":{"unit":"px","top":"1","right":"1","bottom":"1","left":"1","isLinked":true},"button_background_hover_color":"#02010100","_padding":{"unit":"px","top":"20","right":"20","bottom":"20","left":"20","isLinked":true},"__globals__":{"button_background_color":"globals\/colors?id=3f1bdaf","button_hover_border_color":"globals\/colors?id=3f1bdaf","button_border_color":"globals\/colors?id=3f1bdaf"}},"elements":[],"isInner":false,"widgetType":"form","elType":"widget"}],"isInner":true,"elType":"container"}],"isInner":false,"elType":"container"}],"settings":{"template":"default"},"metadata":[]}