{"content":[{"id":"378be8e3","settings":{"flex_direction":"row","content_width":"full","min_height":{"unit":"vh","size":100,"sizes":[]},"min_height_tablet":{"unit":"vh","size":"","sizes":[]},"min_height_mobile":{"unit":"vh","size":"","sizes":[]},"background_background":"slideshow","background_slideshow_gallery":[{"id":44,"url":"https:\/\/chepil.online\/wp-content\/uploads\/2025\/01\/welder-soldering-iron-in-workshop-RM65M39.jpg"},{"id":43,"url":"https:\/\/chepil.online\/wp-content\/uploads\/2025\/01\/side-view-of-welder-in-protection-mask-working-wit-2N7QKN3.jpg"},{"id":42,"url":"https:\/\/chepil.online\/wp-content\/uploads\/2025\/01\/man-worker-welding-metal-with-welding-machine-in-a-3SG5PY4.jpg"}],"background_slideshow_slide_duration":3000,"background_slideshow_ken_burns":"yes","flex_direction_mobile":"column","flex_justify_content_mobile":"flex-start","flex_gap_mobile":{"column":"","row":"","isLinked":true,"unit":"px","size":null},"margin":{"unit":"px","top":"0","right":"0","bottom":"0","left":"0","isLinked":true},"margin_mobile":{"unit":"px","top":"0","right":"0","bottom":"0","left":"0","isLinked":false},"padding":{"unit":"px","top":"0","right":"0","bottom":"0","left":"0","isLinked":true},"padding_mobile":{"unit":"px","top":"100","right":"0","bottom":"0","left":"0","isLinked":false},"_title":"Hero"},"elements":[{"id":"6deb257f","settings":{"content_width":"full","width":{"unit":"%","size":50,"sizes":[]},"flex_direction":"column","flex_justify_content":"center","flex_align_items_mobile":"center","flex_gap":{"column":"10","row":"10","isLinked":true,"unit":"px","size":10},"flex_gap_mobile":{"column":"50","row":"50","isLinked":true,"unit":"px","size":50},"margin":{"unit":"px","top":"0","right":"0","bottom":"0","left":"100","isLinked":false},"margin_mobile":{"unit":"px","top":"0","right":"10","bottom":"0","left":"10","isLinked":false},"padding":{"unit":"px","top":"0","right":"0","bottom":"0","left":"0","isLinked":false}},"elements":[{"id":"7a032ec8","settings":{"title":"\u0415\u043a\u0441\u043f\u0435\u0440\u0442\u043d\u043e \u0432\u0438\u0433\u043e\u0442\u043e\u0432\u043b\u0435\u043d\u043e","header_size":"div","typography_typography":"custom","typography_font_family":"Roboto","typography_font_weight":"600","typography_text_transform":"uppercase","title_color":"#EB4036","_margin":{"unit":"px","top":"0","right":"0","bottom":"0","left":"0","isLinked":true},"_padding":{"unit":"px","top":"0","right":"0","bottom":"0","left":"0","isLinked":true},"_css_classes":"animated-border","_animation":"fadeInLeft","animation_duration":"slow","custom_css":".animated-border{\n    width: fit-content;\n}\n\n.animated-border::after {\n            content: '';\n            position: absolute;\n            bottom: -5px;\n            left: 0;\n            width: 0;\n            height: 2px;\n            background-color: #EB4036; \/* \u0426\u0432\u0435\u0442 \u0431\u043e\u0440\u0434\u0435\u0440\u0430 *\/\n            transition: width 0.3s ease; \/* \u0410\u043d\u0438\u043c\u0430\u0446\u0438\u044f *\/\n        }\n\n        \/* \u041f\u0440\u0438 \u043d\u0430\u0432\u0435\u0434\u0435\u043d\u0438\u0438 \u0448\u0438\u0440\u0438\u043d\u0430 \u043b\u0438\u043d\u0438\u0438 \u0443\u0432\u0435\u043b\u0438\u0447\u0438\u0432\u0430\u0435\u0442\u0441\u044f \u0434\u043e 100% *\/\n        .animated-border:hover::after {\n            width: 100%;\n        }"},"elements":[],"isInner":false,"widgetType":"heading","elType":"widget"},{"id":"24fbad3d","settings":{"title":"\u0420\u0443\u043a\u043e\u0442\u0432\u043e\u0440\u043d\u0456 \u0456\u0441\u043a\u0440\u0438 \u0437\u0430\u043f\u0430\u043b\u044e\u044e\u0442\u044c \u0434\u043e\u0441\u043a\u043e\u043d\u0430\u043b\u0456\u0441\u0442\u044c","align_mobile":"center","typography_typography":"custom","typography_font_family":"Roboto","typography_font_size":{"unit":"rem","size":5,"sizes":[]},"typography_font_size_tablet":{"unit":"rem","size":"","sizes":[]},"typography_font_size_mobile":{"unit":"rem","size":2.5,"sizes":[]},"typography_font_weight":"600","typography_text_transform":"uppercase","typography_line_height_mobile":{"unit":"em","size":1.600000000000000088817841970012523233890533447265625,"sizes":[]},"typography_letter_spacing_mobile":{"unit":"px","size":0,"sizes":[]},"title_color":"#FFFFFF","_margin":{"unit":"px","top":"0","right":"0","bottom":"0","left":"0","isLinked":true},"_padding":{"unit":"px","top":"0","right":"0","bottom":"0","left":"0","isLinked":true},"_animation":"fadeIn","animation_duration":"slow","_animation_delay":1000,"header_size":"h1"},"elements":[],"isInner":false,"widgetType":"heading","elType":"widget"},{"id":"59569ec3","settings":{"text":"\u0420\u043e\u0437\u043f\u0430\u043b\u0456\u0442\u044c \u0441\u0432\u0456\u0439 \u043f\u0440\u043e\u0435\u043a\u0442","typography_typography":"custom","typography_font_family":"Roboto","typography_font_size":{"unit":"rem","size":1,"sizes":[]},"typography_font_size_tablet":{"unit":"rem","size":"","sizes":[]},"typography_font_size_mobile":{"unit":"rem","size":"","sizes":[]},"typography_font_weight":"600","typography_text_transform":"uppercase","background_color":"#EB4036","button_background_hover_color":"#00000000","button_hover_border_color":"#EB4036","border_border":"solid","border_width":{"unit":"px","top":"1","right":"1","bottom":"1","left":"1","isLinked":true},"border_color":"#EB4036","_css_classes":"button-hero","_animation":"fadeInUp","animation_duration":"slow","_border_hover_width":{"unit":"px","top":"1","right":"1","bottom":"1","left":"1","isLinked":true},"_border_hover_color":"#EB4036","custom_css":".button-hero{\n    margin-top: 50px;\n    width: fit-content;\n}","_animation_delay":2000},"elements":[],"isInner":false,"widgetType":"button","elType":"widget"}],"isInner":true,"elType":"container"},{"id":"1b21a517","settings":{"selected_icon":{"value":"fas fa-play","library":"fa-solid"},"view":"framed","primary_color":"#EB4036","size_tablet":{"unit":"px","size":44,"sizes":[]},"_margin_mobile":{"unit":"px","top":"0","right":"0","bottom":"0","left":"0","isLinked":false},"_position":"absolute","_offset_orientation_h":"end","_offset_x_end":{"unit":"px","size":73,"sizes":[]},"_offset_x_end_mobile":{"unit":"%","size":36,"sizes":[]},"_offset_orientation_v":"end","_offset_y_end":{"unit":"px","size":57,"sizes":[]},"_offset_y_end_mobile":{"unit":"%","size":5.5,"sizes":[]},"_z_index":2,"_z_index_mobile":2,"__dynamic__":{"link":"[elementor-tag id=\"97876cf\" name=\"popup\" settings=\"%7B%22popup%22%3A%2254%22%7D\"]"}},"elements":[],"isInner":false,"widgetType":"icon","elType":"widget"},{"id":"2423b635","settings":{"text":"\u044f\u043a \u043c\u0438 \u043f\u0440\u0430\u0446\u044e\u0454\u043c\u043e","path":"circle","size":{"unit":"px","size":110,"sizes":[]},"size_tablet":{"unit":"px","size":100,"sizes":[]},"size_mobile":{"unit":"px","size":100,"sizes":[]},"text_typography_typography":"custom","text_typography_font_family":"Roboto","text_typography_font_size":{"unit":"px","size":96,"sizes":[]},"text_typography_font_weight":"400","text_color_normal":"#FFFFFF","stroke_color_normal":"#EB4036","_position":"absolute","_offset_orientation_h":"end","_offset_x":{"unit":"%","size":0,"sizes":[]},"_offset_x_tablet":{"unit":"%","size":"","sizes":[]},"_offset_x_mobile":{"unit":"%","size":"","sizes":[]},"_offset_x_end":{"unit":"px","size":71,"sizes":[]},"_offset_x_end_mobile":{"unit":"%","size":35,"sizes":[]},"_offset_orientation_v":"end","_offset_y_end":{"unit":"px","size":22,"sizes":[]},"_offset_y_end_mobile":{"unit":"%","size":1,"sizes":[]},"_animation":"none","custom_css":"selector svg{\r\n    animation: rotate 20s linear infinite;\r\n}\r\n@-webkit-keyframes rotate {\r\n  0% {\r\n    transform: rotate(0deg);\r\n  }\r\n  100% {\r\n    transform: rotate(360deg);\r\n  }\r\n}\r\n@keyframes rotate {\r\n  0% {\r\n    transform: rotate(0deg);\r\n  }\r\n  100% {\r\n    transform: rotate(360deg);\r\n  }\r\n}","align":"left","_element_width":"initial"},"elements":[],"isInner":false,"widgetType":"text-path","elType":"widget"}],"isInner":false,"elType":"container"}],"settings":[],"metadata":[]}