{"content":[{"id":"5e9e3390","settings":{"flex_direction":"column","content_width":"full","width":{"unit":"%","size":""},"width_tablet":{"unit":"%","size":100,"sizes":[]},"width_mobile":{"unit":"%","size":"","sizes":[]},"background_background":"classic","border_width":{"unit":"px","top":"5","right":"5","bottom":"5","left":"5","isLinked":true},"__globals__":{"background_color":"globals\/colors?id=9858628","border_color":"globals\/colors?id=3f1bdaf"}},"elements":[{"id":"73eb7938","settings":{"form_name":"New Form","form_fields":[{"custom_id":"name","field_label":"\u0406\u043c'\u044f","placeholder":"\u0412\u0430\u0448\u0435 \u0456\u043c'\u044f","dynamic":{"active":true},"_id":"4ae95d0","required":"true"},{"custom_id":"email","field_type":"tel","required":"true","field_label":"\u0422\u0435\u043b\u0435\u0444\u043e\u043d","placeholder":"\u0412\u0430\u0448 \u043d\u043e\u043c\u0435\u0440 \u0442\u0435\u043b\u0435\u0444\u043e\u043d\u0443","_id":"af1fa23"},{"custom_id":"message","field_type":"textarea","field_label":"\u041a\u043e\u0440\u043e\u0442\u043a\u0438\u0439 \u043e\u043f\u0438\u0441","placeholder":"\u041e\u043f\u0438\u0448\u0438\u0442\u044c \u0449\u043e \u0441\u0430\u043c\u0435 \u043f\u043e\u0442\u0440\u0456\u0431\u043d\u043e","_id":"84d13cc","required":"true"},{"_id":"1c47cdc","field_type":"recaptcha","custom_id":"field_1c47cdc"}],"mark_required":"yes","step_next_label":"Next","step_previous_label":"Previous","button_text":"\u0412\u0456\u0434\u043f\u0440\u0430\u0432\u0438\u0442\u0438","submit_actions":["save-to-database","email"],"email_content":"[all-fields]","email_content_2":"[all-fields]","custom_messages":"yes","success_message":"\u0412\u0430\u0448\u0435 \u043f\u043e\u0432\u0456\u0434\u043e\u043c\u043b\u0435\u043d\u043d\u044f \u0432\u0456\u0434\u043f\u0440\u0430\u0432\u043b\u0435\u043d\u0435!","error_message":"\u041d\u0435\u0432\u0434\u0430\u043b\u043e\u0441\u044c \u0432\u0456\u0434\u043f\u0440\u0430\u0432\u0438\u0442\u0438","server_message":"\u041f\u043e\u043c\u0438\u043b\u043a\u0430 \u0441\u0435\u0440\u0432\u0435\u0440\u0443","invalid_message":"\u041f\u043e\u043c\u0438\u043b\u043a\u0430 \u0432\u0456\u0434\u043f\u0440\u0430\u0432\u043a\u0438","required_field_message":"This field is required.","label_color":"#FFFFFF","button_border_border":"solid","button_border_width":{"unit":"px","top":"1","right":"1","bottom":"1","left":"1","isLinked":true},"button_background_hover_color":"#02010100","_padding":{"unit":"px","top":"20","right":"20","bottom":"20","left":"20","isLinked":true},"__globals__":{"button_background_color":"globals\/colors?id=3f1bdaf","button_hover_border_color":"globals\/colors?id=3f1bdaf","button_border_color":"globals\/colors?id=3f1bdaf","label_color":""},"button_background_color":"#EB4036","button_border_color":"#EB4036","button_hover_border_color":"#EB4036"},"elements":[],"isInner":false,"widgetType":"form","elType":"widget"}],"isInner":true,"elType":"container"}],"settings":{"border_border":"solid","close_button_color":"#FFFFFF","width_mobile":{"unit":"custom","size":"100%","sizes":[]},"border_width_mobile":{"unit":"px","top":"5","right":"5","bottom":"5","left":"5","isLinked":true},"__globals__":{"border_color":"globals\/colors?id=3f1bdaf"}},"metadata":[],"display_settings":{"triggers":[],"timing":[]}}