{"content":[{"id":"618435e2","settings":[],"elements":[{"id":"23e080a5","settings":{"video_type":"hosted","youtube_url":"https:\/\/www.youtube.com\/watch?v=XHOmBV4js_E","vimeo_url":"https:\/\/vimeo.com\/235215203","dailymotion_url":"https:\/\/www.dailymotion.com\/video\/x6tqhqb","hosted_url":{"url":"https:\/\/chepil.online\/wp-content\/uploads\/2025\/01\/welding-video-hero.mp4","id":29,"size":"","alt":"","source":"library"},"videopress_url":"https:\/\/videopress.com\/v\/ZCAOzTNk","autoplay":"yes","play_on_mobile":"yes","loop":"yes"},"elements":[],"isInner":false,"widgetType":"video","elType":"widget"}],"isInner":false,"elType":"container"}],"settings":[],"metadata":[],"display_settings":{"triggers":[],"timing":[]}}